slug,نام محصول,توضیحات,قیمت (تومان),موجودی,وضعیت,دسته‌بندی,برند,عنوان سئو (Meta Title),توضیح متا (Meta Description),کلمات کلیدی (SEO Tags)
10-40-oil-pars,روغن موتور 10-40 پارس,روغن موتور 10-40 پارس یکی از قطعات یدکی پرکاربرد موتورسیکلت‌های هوندا CG125 و CDI است. برند پارس، این محصول در دسته‌بندی روغن موتور قرار دارد و برای هوندا CG125 و CDI مناسب است. با کیفیت ساخت مطمئن، جایگزین مناسبی برای قطعه اصلی به شمار می‌رود و در خانه موتور با ضمانت اصالت و ارسال سریع به سراسر ایران عرضه می‌شود.,470,0,فعال,روغن موتور,پارس,روغن موتور 10-40 پارس | پارس | خانه موتور,خرید اینترنتی روغن موتور 10-40 پارس برند پارس با بهترین قیمت و ارسال سریع. مناسب برای هوندا CG125 و CDI، مخصوص موتورسیکلت هوندا. تنها در خانه موتور.,روغن موتور 10-40 پارس، پارس، روغن موتور، قطعات یدکی هوندا، قطعات موتورسیکلت، خانه موتور، هوندا CG125
20-50-oil-hamilton,روغن موتور 20-50 همیلتون,روغن موتور 20-50 همیلتون یکی از قطعات یدکی پرکاربرد موتورسیکلت‌های هوندا CG125 و CDI است. برند همیلتون، این محصول در دسته‌بندی روغن موتور قرار دارد و برای هوندا CG125 و CDI مناسب است. با کیفیت ساخت مطمئن، جایگزین مناسبی برای قطعه اصلی به شمار می‌رود و در خانه موتور با ضمانت اصالت و ارسال سریع به سراسر ایران عرضه می‌شود.,470,0,فعال,روغن موتور,همیلتون,روغن موتور 20-50 همیلتون | همیلتون | خانه موتور,خرید اینترنتی روغن موتور 20-50 همیلتون برند همیلتون با بهترین قیمت و ارسال سریع. مناسب برای هوندا CG125 و CDI، مخصوص موتورسیکلت هوندا. تنها در خانه موتور.,روغن موتور 20-50 همیلتون، همیلتون، روغن موتور، قطعات یدکی هوندا، قطعات موتورسیکلت، خانه موتور، هوندا CG125
20-50-oil-iranol,روغن موتور 20-50 ایرانول,روغن موتور 20-50 ایرانول یکی از قطعات یدکی پرکاربرد موتورسیکلت‌های هوندا CG125 و CDI است. برند ایرانول، این محصول در دسته‌بندی روغن موتور قرار دارد و برای هوندا CG125 و CDI مناسب است. با کیفیت ساخت مطمئن، جایگزین مناسبی برای قطعه اصلی به شمار می‌رود و در خانه موتور با ضمانت اصالت و ارسال سریع به سراسر ایران عرضه می‌شود.,540,0,فعال,روغن موتور,ایرانول,روغن موتور 20-50 ایرانول | ایرانول | خانه موتور,خرید اینترنتی روغن موتور 20-50 ایرانول برند ایرانول با بهترین قیمت و ارسال سریع. مناسب برای هوندا CG125 و CDI، مخصوص موتورسیکلت هوندا. تنها در خانه موتور.,روغن موتور 20-50 ایرانول، ایرانول، روغن موتور، قطعات یدکی هوندا، قطعات موتورسیکلت، خانه موتور، هوندا CG125
20-50-oil-pars-can,روغن موتور 20-50 پارس (قوطی),روغن موتور 20-50 پارس (قوطی) یکی از قطعات یدکی پرکاربرد موتورسیکلت‌های هوندا CG125 و CDI است. برند پارس، این محصول در دسته‌بندی روغن موتور قرار دارد و برای هوندا CG125 و CDI مناسب است. با کیفیت ساخت مطمئن، جایگزین مناسبی برای قطعه اصلی به شمار می‌رود و در خانه موتور با ضمانت اصالت و ارسال سریع به سراسر ایران عرضه می‌شود.,500,0,فعال,روغن موتور,پارس,روغن موتور 20-50 پارس (قوطی) | پارس | خانه موتور,خرید اینترنتی روغن موتور 20-50 پارس (قوطی) برند پارس با بهترین قیمت و ارسال سریع. مناسب برای هوندا CG125 و CDI، مخصوص موتورسیکلت هوندا. تنها در خانه موتور.,روغن موتور 20-50 پارس (قوطی)، پارس، روغن موتور، قطعات یدکی هوندا، قطعات موتورسیکلت، خانه موتور، هوندا CG125
benz-horn-steel-kh,بوق بنزی استیل گلدن کی‌اچ,بوق بنزی استیل گلدن کی‌اچ یکی از قطعات یدکی پرکاربرد موتورسیکلت‌های هوندا CG125 و CDI است. برند Golden KH، این محصول در دسته‌بندی بوق قرار دارد و برای هوندا CG125 و CDI مناسب است. با کیفیت ساخت مطمئن، جایگزین مناسبی برای قطعه اصلی به شمار می‌رود و در خانه موتور با ضمانت اصالت و ارسال سریع به سراسر ایران عرضه می‌شود.,1700,0,فعال,بوق,Golden KH,بوق بنزی استیل گلدن کی‌اچ | Golden KH | خانه موتور,خرید اینترنتی بوق بنزی استیل گلدن کی‌اچ برند Golden KH با بهترین قیمت و ارسال سریع. مناسب برای هوندا CG125 و CDI، مخصوص موتورسیکلت هوندا. تنها در خانه موتور.,بوق بنزی استیل گلدن کی‌اچ، Golden KH، بوق، قطعات یدکی هوندا، قطعات موتورسیکلت، خانه موتور، هوندا CG125
carburetor-150-kh,کاربراتور 150 گلدن کی‌اچ,کاربراتور 150 گلدن کی‌اچ یکی از قطعات یدکی پرکاربرد موتورسیکلت‌های هوندا CG125 و CDI است. برند Golden KH، این محصول در دسته‌بندی کاربراتور قرار دارد و برای هوندا CG125 و CDI مناسب است. با کیفیت ساخت مطمئن، جایگزین مناسبی برای قطعه اصلی به شمار می‌رود و در خانه موتور با ضمانت اصالت و ارسال سریع به سراسر ایران عرضه می‌شود.,2700,0,فعال,کاربراتور,Golden KH,کاربراتور 150 گلدن کی‌اچ | Golden KH | خانه موتور,خرید اینترنتی کاربراتور 150 گلدن کی‌اچ برند Golden KH با بهترین قیمت و ارسال سریع. مناسب برای هوندا CG125 و CDI، مخصوص موتورسیکلت هوندا. تنها در خانه موتور.,کاربراتور 150 گلدن کی‌اچ، Golden KH، کاربراتور، قطعات یدکی هوندا، قطعات موتورسیکلت، خانه موتور، هوندا CG125
carburetor-150-tekno,کاربراتور 150 تکنو,کاربراتور 150 تکنو یکی از قطعات یدکی پرکاربرد موتورسیکلت‌های هوندا CG125 و CDI است. برند تکنو، این محصول در دسته‌بندی کاربراتور قرار دارد و برای هوندا CG125 و CDI مناسب است. با کیفیت ساخت مطمئن، جایگزین مناسبی برای قطعه اصلی به شمار می‌رود و در خانه موتور با ضمانت اصالت و ارسال سریع به سراسر ایران عرضه می‌شود.,2750,0,فعال,کاربراتور,تکنو,کاربراتور 150 تکنو | تکنو | خانه موتور,خرید اینترنتی کاربراتور 150 تکنو برند تکنو با بهترین قیمت و ارسال سریع. مناسب برای هوندا CG125 و CDI، مخصوص موتورسیکلت هوندا. تنها در خانه موتور.,کاربراتور 150 تکنو، تکنو، کاربراتور، قطعات یدکی هوندا، قطعات موتورسیکلت، خانه موتور، هوندا CG125
carburetor-250-kh,کاربراتور 250 گلدن کی‌اچ,کاربراتور 250 گلدن کی‌اچ یکی از قطعات یدکی پرکاربرد موتورسیکلت‌های هوندا CG125 و CDI است. برند Golden KH، این محصول در دسته‌بندی کاربراتور قرار دارد و برای هوندا CG125 و CDI مناسب است. با کیفیت ساخت مطمئن، جایگزین مناسبی برای قطعه اصلی به شمار می‌رود و در خانه موتور با ضمانت اصالت و ارسال سریع به سراسر ایران عرضه می‌شود.,3000,0,فعال,کاربراتور,Golden KH,کاربراتور 250 گلدن کی‌اچ | Golden KH | خانه موتور,خرید اینترنتی کاربراتور 250 گلدن کی‌اچ برند Golden KH با بهترین قیمت و ارسال سریع. مناسب برای هوندا CG125 و CDI، مخصوص موتورسیکلت هوندا. تنها در خانه موتور.,کاربراتور 250 گلدن کی‌اچ، Golden KH، کاربراتور، قطعات یدکی هوندا، قطعات موتورسیکلت، خانه موتور، هوندا CG125
clutch-plate-125-kh,صفحه کلاچ 125 گلدن کی‌اچ,صفحه کلاچ 125 گلدن کی‌اچ یکی از قطعات یدکی پرکاربرد موتورسیکلت‌های هوندا CG125 و CDI است. برند Golden KH، این محصول در دسته‌بندی صفحه کلاچ قرار دارد و برای هوندا CG125 و CDI مناسب است. با کیفیت ساخت مطمئن، جایگزین مناسبی برای قطعه اصلی به شمار می‌رود و در خانه موتور با ضمانت اصالت و ارسال سریع به سراسر ایران عرضه می‌شود.,600,0,فعال,صفحه کلاچ,Golden KH,صفحه کلاچ 125 گلدن کی‌اچ | Golden KH | خانه موتور,خرید اینترنتی صفحه کلاچ 125 گلدن کی‌اچ برند Golden KH با بهترین قیمت و ارسال سریع. مناسب برای هوندا CG125 و CDI، مخصوص موتورسیکلت هوندا. تنها در خانه موتور.,صفحه کلاچ 125 گلدن کی‌اچ، Golden KH، صفحه کلاچ، قطعات یدکی هوندا، قطعات موتورسیکلت، خانه موتور، هوندا CG125
cylinder-kit-125-tekno,زیر سیلندر 125 تکنو,زیر سیلندر 125 تکنو یکی از قطعات یدکی پرکاربرد موتورسیکلت‌های هوندا CG125 و CDI است. برند تکنو، این محصول در دسته‌بندی زیر سیلندر قرار دارد و برای هوندا CG125 و CDI مناسب است. با کیفیت ساخت مطمئن، جایگزین مناسبی برای قطعه اصلی به شمار می‌رود و در خانه موتور با ضمانت اصالت و ارسال سریع به سراسر ایران عرضه می‌شود.,3000,0,فعال,زیر سیلندر,تکنو,زیر سیلندر 125 تکنو | تکنو | خانه موتور,خرید اینترنتی زیر سیلندر 125 تکنو برند تکنو با بهترین قیمت و ارسال سریع. مناسب برای هوندا CG125 و CDI، مخصوص موتورسیکلت هوندا. تنها در خانه موتور.,زیر سیلندر 125 تکنو، تکنو، زیر سیلندر، قطعات یدکی هوندا، قطعات موتورسیکلت، خانه موتور، هوندا CG125
cylinder-kit-150-tekno,زیر سیلندر 150 تکنو,زیر سیلندر 150 تکنو یکی از قطعات یدکی پرکاربرد موتورسیکلت‌های هوندا CG125 و CDI است. برند تکنو، این محصول در دسته‌بندی زیر سیلندر قرار دارد و برای هوندا CG125 و CDI مناسب است. با کیفیت ساخت مطمئن، جایگزین مناسبی برای قطعه اصلی به شمار می‌رود و در خانه موتور با ضمانت اصالت و ارسال سریع به سراسر ایران عرضه می‌شود.,4000,0,فعال,زیر سیلندر,تکنو,زیر سیلندر 150 تکنو | تکنو | خانه موتور,خرید اینترنتی زیر سیلندر 150 تکنو برند تکنو با بهترین قیمت و ارسال سریع. مناسب برای هوندا CG125 و CDI، مخصوص موتورسیکلت هوندا. تنها در خانه موتور.,زیر سیلندر 150 تکنو، تکنو، زیر سیلندر، قطعات یدکی هوندا، قطعات موتورسیکلت، خانه موتور، هوندا CG125
cylinder-kit-200-tekno,زیر سیلندر 200 تکنو,زیر سیلندر 200 تکنو یکی از قطعات یدکی پرکاربرد موتورسیکلت‌های هوندا CG125 و CDI است. برند تکنو، این محصول در دسته‌بندی زیر سیلندر قرار دارد و برای هوندا CG125 و CDI مناسب است. با کیفیت ساخت مطمئن، جایگزین مناسبی برای قطعه اصلی به شمار می‌رود و در خانه موتور با ضمانت اصالت و ارسال سریع به سراسر ایران عرضه می‌شود.,4500,0,فعال,زیر سیلندر,تکنو,زیر سیلندر 200 تکنو | تکنو | خانه موتور,خرید اینترنتی زیر سیلندر 200 تکنو برند تکنو با بهترین قیمت و ارسال سریع. مناسب برای هوندا CG125 و CDI، مخصوص موتورسیکلت هوندا. تنها در خانه موتور.,زیر سیلندر 200 تکنو، تکنو، زیر سیلندر، قطعات یدکی هوندا، قطعات موتورسیکلت، خانه موتور، هوندا CG125
cylinder-kit-250-kh,زیر سیلندر 250 گلدن کی‌اچ,زیر سیلندر 250 گلدن کی‌اچ یکی از قطعات یدکی پرکاربرد موتورسیکلت‌های هوندا CG125 و CDI است. برند Golden KH، این محصول در دسته‌بندی زیر سیلندر قرار دارد و برای هوندا CG125 و CDI مناسب است. با کیفیت ساخت مطمئن، جایگزین مناسبی برای قطعه اصلی به شمار می‌رود و در خانه موتور با ضمانت اصالت و ارسال سریع به سراسر ایران عرضه می‌شود.,4700,0,فعال,زیر سیلندر,Golden KH,زیر سیلندر 250 گلدن کی‌اچ | Golden KH | خانه موتور,خرید اینترنتی زیر سیلندر 250 گلدن کی‌اچ برند Golden KH با بهترین قیمت و ارسال سریع. مناسب برای هوندا CG125 و CDI، مخصوص موتورسیکلت هوندا. تنها در خانه موتور.,زیر سیلندر 250 گلدن کی‌اچ، Golden KH، زیر سیلندر، قطعات یدکی هوندا، قطعات موتورسیکلت، خانه موتور، هوندا CG125
decorative-speedometer-cg,کیلومتر تزئینی مدل چراغ گرد (CG),کیلومتر تزئینی مدل چراغ گرد (CG) یکی از قطعات یدکی پرکاربرد موتورسیکلت‌های هوندا CG125 و CDI است. این محصول در دسته‌بندی کیلومتر قرار دارد و برای هوندا CG125 چراغ گرد مناسب است. با کیفیت ساخت مطمئن، جایگزین مناسبی برای قطعه اصلی به شمار می‌رود و در خانه موتور با ضمانت اصالت و ارسال سریع به سراسر ایران عرضه می‌شود.,250,0,فعال,کیلومتر,نامشخص,کیلومتر تزئینی مدل چراغ گرد (CG) | خانه موتور,خرید اینترنتی کیلومتر تزئینی مدل چراغ گرد (CG) با بهترین قیمت و ارسال سریع. مناسب برای هوندا CG125 چراغ گرد، مخصوص موتورسیکلت هوندا. تنها در خانه موتور.,کیلومتر تزئینی مدل چراغ گرد (CG)، کیلومتر، قطعات یدکی هوندا، قطعات موتورسیکلت، خانه موتور، هوندا CG125
decorative-speedometer-cover-steel-jaguar,کیلومتر تزئینی، کیلومتر استیل جگوار,کیلومتر تزئینی، کیلومتر استیل جگوار یکی از قطعات یدکی پرکاربرد موتورسیکلت‌های هوندا CG125 و CDI است. برند جگوار، این محصول در دسته‌بندی کیلومتر قرار دارد و برای هوندا CG125 و CDI مناسب است. با کیفیت ساخت مطمئن، جایگزین مناسبی برای قطعه اصلی به شمار می‌رود و در خانه موتور با ضمانت اصالت و ارسال سریع به سراسر ایران عرضه می‌شود.,650,0,فعال,کیلومتر,جگوار,کیلومتر تزئینی، کیلومتر استیل جگوار | جگوار | خانه موتور,خرید اینترنتی کیلومتر تزئینی، کیلومتر استیل جگوار برند جگوار با بهترین قیمت و ارسال سریع. مناسب برای هوندا CG125 و CDI، مخصوص موتورسیکلت هوندا. تنها در خانه موت,کیلومتر تزئینی، کیلومتر استیل جگوار، جگوار، کیلومتر، قطعات یدکی هوندا، قطعات موتورسیکلت، خانه موتور، هوندا CG125
fuel-tank-cover-black,در باک مشکی,در باک مشکی یکی از قطعات یدکی پرکاربرد موتورسیکلت‌های هوندا CG125 و CDI است. برند Golden KH، این محصول در دسته‌بندی متفرقه قرار دارد و برای هوندا CG125 و CDI مناسب است. با کیفیت ساخت مطمئن، جایگزین مناسبی برای قطعه اصلی به شمار می‌رود و در خانه موتور با ضمانت اصالت و ارسال سریع به سراسر ایران عرضه می‌شود.,350,0,فعال,متفرقه,Golden KH,در باک مشکی | Golden KH | خانه موتور,خرید اینترنتی در باک مشکی برند Golden KH با بهترین قیمت و ارسال سریع. مناسب برای هوندا CG125 و CDI، مخصوص موتورسیکلت هوندا. تنها در خانه موتور.,در باک مشکی، Golden KH، متفرقه، قطعات یدکی هوندا، قطعات موتورسیکلت، خانه موتور، هوندا CG125
fuel-tank-cover-steel,در باک استیل,در باک استیل یکی از قطعات یدکی پرکاربرد موتورسیکلت‌های هوندا CG125 و CDI است. برند Golden KH، این محصول در دسته‌بندی متفرقه قرار دارد و برای هوندا CG125 و CDI مناسب است. با کیفیت ساخت مطمئن، جایگزین مناسبی برای قطعه اصلی به شمار می‌رود و در خانه موتور با ضمانت اصالت و ارسال سریع به سراسر ایران عرضه می‌شود.,400,0,فعال,متفرقه,Golden KH,در باک استیل | Golden KH | خانه موتور,خرید اینترنتی در باک استیل برند Golden KH با بهترین قیمت و ارسال سریع. مناسب برای هوندا CG125 و CDI، مخصوص موتورسیکلت هوندا. تنها در خانه موتور.,در باک استیل، Golden KH، متفرقه، قطعات یدکی هوندا، قطعات موتورسیکلت، خانه موتور، هوندا CG125
headlight-jaguar-cdi,کله چراغ جگوار مدل چراغ پهن (CDI),کله چراغ جگوار مدل چراغ پهن (CDI) یکی از قطعات یدکی پرکاربرد موتورسیکلت‌های هوندا CG125 و CDI است. برند جگوار، این محصول در دسته‌بندی کله چراغ قرار دارد و برای هوندا CDI چراغ پهن مناسب است. با کیفیت ساخت مطمئن، جایگزین مناسبی برای قطعه اصلی به شمار می‌رود و در خانه موتور با ضمانت اصالت و ارسال سریع به سراسر ایران عرضه می‌شود.,650,0,فعال,کله چراغ,جگوار,کله چراغ جگوار مدل چراغ پهن (CDI) | جگوار | خانه موتور,خرید اینترنتی کله چراغ جگوار مدل چراغ پهن (CDI) برند جگوار با بهترین قیمت و ارسال سریع. مناسب برای هوندا CDI چراغ پهن، مخصوص موتورسیکلت هوندا. تنها در خانه موتو,کله چراغ جگوار مدل چراغ پهن (CDI)، جگوار، کله چراغ، قطعات یدکی هوندا، قطعات موتورسیکلت، خانه موتور، هوندا CG125، هوندا CDI
headlight-sabalan-cdi,کله چراغ سبلان مدل چراغ پهن (CDI),کله چراغ سبلان مدل چراغ پهن (CDI) یکی از قطعات یدکی پرکاربرد موتورسیکلت‌های هوندا CG125 و CDI است. برند سبلان، این محصول در دسته‌بندی کله چراغ قرار دارد و برای هوندا CDI چراغ پهن مناسب است. با کیفیت ساخت مطمئن، جایگزین مناسبی برای قطعه اصلی به شمار می‌رود و در خانه موتور با ضمانت اصالت و ارسال سریع به سراسر ایران عرضه می‌شود.,650,0,فعال,کله چراغ,سبلان,کله چراغ سبلان مدل چراغ پهن (CDI) | سبلان | خانه موتور,خرید اینترنتی کله چراغ سبلان مدل چراغ پهن (CDI) برند سبلان با بهترین قیمت و ارسال سریع. مناسب برای هوندا CDI چراغ پهن، مخصوص موتورسیکلت هوندا. تنها در خانه موتو,کله چراغ سبلان مدل چراغ پهن (CDI)، سبلان، کله چراغ، قطعات یدکی هوندا، قطعات موتورسیکلت، خانه موتور، هوندا CG125، هوندا CDI
headlight-sabalan-cg,کله چراغ سبلان مدل چراغ گرد (CG),کله چراغ سبلان مدل چراغ گرد (CG) یکی از قطعات یدکی پرکاربرد موتورسیکلت‌های هوندا CG125 و CDI است. برند سبلان، این محصول در دسته‌بندی کله چراغ قرار دارد و برای هوندا CG125 چراغ گرد مناسب است. با کیفیت ساخت مطمئن، جایگزین مناسبی برای قطعه اصلی به شمار می‌رود و در خانه موتور با ضمانت اصالت و ارسال سریع به سراسر ایران عرضه می‌شود.,650,0,فعال,کله چراغ,سبلان,کله چراغ سبلان مدل چراغ گرد (CG) | سبلان | خانه موتور,خرید اینترنتی کله چراغ سبلان مدل چراغ گرد (CG) برند سبلان با بهترین قیمت و ارسال سریع. مناسب برای هوندا CG125 چراغ گرد، مخصوص موتورسیکلت هوندا. تنها در خانه موت,کله چراغ سبلان مدل چراغ گرد (CG)، سبلان، کله چراغ، قطعات یدکی هوندا، قطعات موتورسیکلت، خانه موتور، هوندا CG125
headlight-tekno-steel-cg,کله چراغ تکنو استیل مدل چراغ گرد (CG),کله چراغ تکنو استیل مدل چراغ گرد (CG) یکی از قطعات یدکی پرکاربرد موتورسیکلت‌های هوندا CG125 و CDI است. برند تکنو، این محصول در دسته‌بندی کله چراغ قرار دارد و برای هوندا CG125 چراغ گرد مناسب است. با کیفیت ساخت مطمئن، جایگزین مناسبی برای قطعه اصلی به شمار می‌رود و در خانه موتور با ضمانت اصالت و ارسال سریع به سراسر ایران عرضه می‌شود.,1600,0,فعال,کله چراغ,تکنو,کله چراغ تکنو استیل مدل چراغ گرد (CG) | تکنو | خانه موتور,خرید اینترنتی کله چراغ تکنو استیل مدل چراغ گرد (CG) برند تکنو با بهترین قیمت و ارسال سریع. مناسب برای هوندا CG125 چراغ گرد، مخصوص موتورسیکلت هوندا. تنها در خانه,کله چراغ تکنو استیل مدل چراغ گرد (CG)، تکنو، کله چراغ، قطعات یدکی هوندا، قطعات موتورسیکلت، خانه موتور، هوندا CG125
LED-headlight,هدلایت LED,هدلایت LED یکی از قطعات یدکی پرکاربرد موتورسیکلت‌های هوندا CG125 و CDI است. این محصول در دسته‌بندی هدلایت قرار دارد و برای هوندا CG125 و CDI مناسب است. با کیفیت ساخت مطمئن، جایگزین مناسبی برای قطعه اصلی به شمار می‌رود و در خانه موتور با ضمانت اصالت و ارسال سریع به سراسر ایران عرضه می‌شود.,800,0,فعال,هدلایت,نامشخص,هدلایت LED | خانه موتور,خرید اینترنتی هدلایت LED با بهترین قیمت و ارسال سریع. مناسب برای هوندا CG125 و CDI، مخصوص موتورسیکلت هوندا. تنها در خانه موتور.,هدلایت LED، هدلایت، قطعات یدکی هوندا، قطعات موتورسیکلت، خانه موتور، هوندا CG125
luggage-rope,باربند,باربند یکی از قطعات یدکی پرکاربرد موتورسیکلت‌های هوندا CG125 و CDI است. این محصول در دسته‌بندی لوازم جانبی قرار دارد و برای هوندا CG125 و CDI مناسب است. با کیفیت ساخت مطمئن، جایگزین مناسبی برای قطعه اصلی به شمار می‌رود و در خانه موتور با ضمانت اصالت و ارسال سریع به سراسر ایران عرضه می‌شود.,150,0,فعال,لوازم جانبی,نامشخص,باربند | خانه موتور,خرید اینترنتی باربند با بهترین قیمت و ارسال سریع. مناسب برای هوندا CG125 و CDI، مخصوص موتورسیکلت هوندا. تنها در خانه موتور.,باربند، لوازم جانبی، قطعات یدکی هوندا، قطعات موتورسیکلت، خانه موتور، هوندا CG125
rear-axil-screw,میل تنه عقب,میل تنه عقب یکی از قطعات یدکی پرکاربرد موتورسیکلت‌های هوندا CG125 و CDI است. این محصول در دسته‌بندی قطعات یدکی قرار دارد و برای هوندا CG125 و CDI مناسب است. با کیفیت ساخت مطمئن، جایگزین مناسبی برای قطعه اصلی به شمار می‌رود و در خانه موتور با ضمانت اصالت و ارسال سریع به سراسر ایران عرضه می‌شود.,180,0,فعال,قطعات یدکی,نامشخص,میل تنه عقب | خانه موتور,خرید اینترنتی میل تنه عقب با بهترین قیمت و ارسال سریع. مناسب برای هوندا CG125 و CDI، مخصوص موتورسیکلت هوندا. تنها در خانه موتور.,میل تنه عقب، قطعات یدکی، قطعات یدکی هوندا، قطعات موتورسیکلت، خانه موتور، هوندا CG125
rear-suspension-kh,کمک فنر عقب گلدن کی‌اچ,کمک فنر عقب گلدن کی‌اچ یکی از قطعات یدکی پرکاربرد موتورسیکلت‌های هوندا CG125 و CDI است. برند Golden KH، این محصول در دسته‌بندی کمک فنر قرار دارد و برای هوندا CG125 و CDI مناسب است. با کیفیت ساخت مطمئن، جایگزین مناسبی برای قطعه اصلی به شمار می‌رود و در خانه موتور با ضمانت اصالت و ارسال سریع به سراسر ایران عرضه می‌شود.,4480,0,فعال,کمک فنر,Golden KH,کمک فنر عقب گلدن کی‌اچ | Golden KH | خانه موتور,خرید اینترنتی کمک فنر عقب گلدن کی‌اچ برند Golden KH با بهترین قیمت و ارسال سریع. مناسب برای هوندا CG125 و CDI، مخصوص موتورسیکلت هوندا. تنها در خانه موتور.,کمک فنر عقب گلدن کی‌اچ، Golden KH، کمک فنر، قطعات یدکی هوندا، قطعات موتورسیکلت، خانه موتور، هوندا CG125
seat-classic-mos'ab,زین کلاسیک مصعب,زین کلاسیک مصعب یکی از قطعات یدکی پرکاربرد موتورسیکلت‌های هوندا CG125 و CDI است. برند مصعب، این محصول در دسته‌بندی زین قرار دارد و برای هوندا CG125 و CDI مناسب است. با کیفیت ساخت مطمئن، جایگزین مناسبی برای قطعه اصلی به شمار می‌رود و در خانه موتور با ضمانت اصالت و ارسال سریع به سراسر ایران عرضه می‌شود.,2100,0,فعال,زین,مصعب,زین کلاسیک مصعب | مصعب | خانه موتور,خرید اینترنتی زین کلاسیک مصعب برند مصعب با بهترین قیمت و ارسال سریع. مناسب برای هوندا CG125 و CDI، مخصوص موتورسیکلت هوندا. تنها در خانه موتور.,زین کلاسیک مصعب، مصعب، زین، قطعات یدکی هوندا، قطعات موتورسیکلت، خانه موتور، هوندا CG125
single-matal-crystal-cdi,بلوری تکی فلزی مدل چراغ پهن (CDI),بلوری تکی فلزی مدل چراغ پهن (CDI) یکی از قطعات یدکی پرکاربرد موتورسیکلت‌های هوندا CG125 و CDI است. برند سبلان، این محصول در دسته‌بندی متفرقه قرار دارد و برای هوندا CDI چراغ پهن مناسب است. با کیفیت ساخت مطمئن، جایگزین مناسبی برای قطعه اصلی به شمار می‌رود و در خانه موتور با ضمانت اصالت و ارسال سریع به سراسر ایران عرضه می‌شود.,350,0,فعال,متفرقه,سبلان,بلوری تکی فلزی مدل چراغ پهن (CDI) | سبلان | خانه موتور,خرید اینترنتی بلوری تکی فلزی مدل چراغ پهن (CDI) برند سبلان با بهترین قیمت و ارسال سریع. مناسب برای هوندا CDI چراغ پهن، مخصوص موتورسیکلت هوندا. تنها در خانه موتو,بلوری تکی فلزی مدل چراغ پهن (CDI)، سبلان، متفرقه، قطعات یدکی هوندا، قطعات موتورسیکلت، خانه موتور، هوندا CG125، هوندا CDI
single-metal-crystal-cg,بلوری تکی فلزی مدل چراغ گرد (CG),بلوری تکی فلزی مدل چراغ گرد (CG) یکی از قطعات یدکی پرکاربرد موتورسیکلت‌های هوندا CG125 و CDI است. برند سبلان، این محصول در دسته‌بندی متفرقه قرار دارد و برای هوندا CG125 چراغ گرد مناسب است. با کیفیت ساخت مطمئن، جایگزین مناسبی برای قطعه اصلی به شمار می‌رود و در خانه موتور با ضمانت اصالت و ارسال سریع به سراسر ایران عرضه می‌شود.,350,0,فعال,متفرقه,سبلان,بلوری تکی فلزی مدل چراغ گرد (CG) | سبلان | خانه موتور,خرید اینترنتی بلوری تکی فلزی مدل چراغ گرد (CG) برند سبلان با بهترین قیمت و ارسال سریع. مناسب برای هوندا CG125 چراغ گرد، مخصوص موتورسیکلت هوندا. تنها در خانه موت,بلوری تکی فلزی مدل چراغ گرد (CG)، سبلان، متفرقه، قطعات یدکی هوندا، قطعات موتورسیکلت، خانه موتور، هوندا CG125
speedometer-assay-cdi,مجموعه کیلومتر مدل چراغ پهن (CDI),مجموعه کیلومتر مدل چراغ پهن (CDI) یکی از قطعات یدکی پرکاربرد موتورسیکلت‌های هوندا CG125 و CDI است. برند Golden KH، این محصول در دسته‌بندی کیلومتر قرار دارد و برای هوندا CDI چراغ پهن مناسب است. با کیفیت ساخت مطمئن، جایگزین مناسبی برای قطعه اصلی به شمار می‌رود و در خانه موتور با ضمانت اصالت و ارسال سریع به سراسر ایران عرضه می‌شود.,1850,0,فعال,کیلومتر,Golden KH,مجموعه کیلومتر مدل چراغ پهن (CDI) | Golden KH | خانه موتور,خرید اینترنتی مجموعه کیلومتر مدل چراغ پهن (CDI) برند Golden KH با بهترین قیمت و ارسال سریع. مناسب برای هوندا CDI چراغ پهن، مخصوص موتورسیکلت هوندا. تنها در خانه ,مجموعه کیلومتر مدل چراغ پهن (CDI)، Golden KH، کیلومتر، قطعات یدکی هوندا، قطعات موتورسیکلت، خانه موتور، هوندا CG125، هوندا CDI
speedometer-bosch-cg,بوش کیلومتر مدل چراغ گرد (CG),بوش کیلومتر مدل چراغ گرد (CG) یکی از قطعات یدکی پرکاربرد موتورسیکلت‌های هوندا CG125 و CDI است. این محصول در دسته‌بندی کیلومتر قرار دارد و برای هوندا CG125 چراغ گرد مناسب است. با کیفیت ساخت مطمئن، جایگزین مناسبی برای قطعه اصلی به شمار می‌رود و در خانه موتور با ضمانت اصالت و ارسال سریع به سراسر ایران عرضه می‌شود.,50,0,فعال,کیلومتر,نامشخص,بوش کیلومتر مدل چراغ گرد (CG) | خانه موتور,خرید اینترنتی بوش کیلومتر مدل چراغ گرد (CG) با بهترین قیمت و ارسال سریع. مناسب برای هوندا CG125 چراغ گرد، مخصوص موتورسیکلت هوندا. تنها در خانه موتور.,بوش کیلومتر مدل چراغ گرد (CG)، کیلومتر، قطعات یدکی هوندا، قطعات موتورسیکلت، خانه موتور، هوندا CG125
speedometer-cg,کیلومتر مدل چراغ گرد (CG),کیلومتر مدل چراغ گرد (CG) یکی از قطعات یدکی پرکاربرد موتورسیکلت‌های هوندا CG125 و CDI است. برند تکنو، این محصول در دسته‌بندی کیلومتر قرار دارد و برای هوندا CG125 چراغ گرد مناسب است. با کیفیت ساخت مطمئن، جایگزین مناسبی برای قطعه اصلی به شمار می‌رود و در خانه موتور با ضمانت اصالت و ارسال سریع به سراسر ایران عرضه می‌شود.,2350,0,فعال,کیلومتر,تکنو,کیلومتر مدل چراغ گرد (CG) | تکنو | خانه موتور,خرید اینترنتی کیلومتر مدل چراغ گرد (CG) برند تکنو با بهترین قیمت و ارسال سریع. مناسب برای هوندا CG125 چراغ گرد، مخصوص موتورسیکلت هوندا. تنها در خانه موتور.,کیلومتر مدل چراغ گرد (CG)، تکنو، کیلومتر، قطعات یدکی هوندا، قطعات موتورسیکلت، خانه موتور، هوندا CG125
speedometer-cover-cdi,قاب کیلومتر مدل چراغ پهن (CDI),قاب کیلومتر مدل چراغ پهن (CDI) یکی از قطعات یدکی پرکاربرد موتورسیکلت‌های هوندا CG125 و CDI است. این محصول در دسته‌بندی کیلومتر قرار دارد و برای هوندا CDI چراغ پهن مناسب است. با کیفیت ساخت مطمئن، جایگزین مناسبی برای قطعه اصلی به شمار می‌رود و در خانه موتور با ضمانت اصالت و ارسال سریع به سراسر ایران عرضه می‌شود.,180,0,فعال,کیلومتر,نامشخص,قاب کیلومتر مدل چراغ پهن (CDI) | خانه موتور,خرید اینترنتی قاب کیلومتر مدل چراغ پهن (CDI) با بهترین قیمت و ارسال سریع. مناسب برای هوندا CDI چراغ پهن، مخصوص موتورسیکلت هوندا. تنها در خانه موتور.,قاب کیلومتر مدل چراغ پهن (CDI)، کیلومتر، قطعات یدکی هوندا، قطعات موتورسیکلت، خانه موتور، هوندا CG125، هوندا CDI
speedometer-cover-steel-cdi,قاب کیلومتر استیل مدل چراغ پهن (CDI),قاب کیلومتر استیل مدل چراغ پهن (CDI) یکی از قطعات یدکی پرکاربرد موتورسیکلت‌های هوندا CG125 و CDI است. برند جگوار، این محصول در دسته‌بندی کیلومتر قرار دارد و برای هوندا CDI چراغ پهن مناسب است. با کیفیت ساخت مطمئن، جایگزین مناسبی برای قطعه اصلی به شمار می‌رود و در خانه موتور با ضمانت اصالت و ارسال سریع به سراسر ایران عرضه می‌شود.,350,0,فعال,کیلومتر,جگوار,قاب کیلومتر استیل مدل چراغ پهن (CDI) | جگوار | خانه موتور,خرید اینترنتی قاب کیلومتر استیل مدل چراغ پهن (CDI) برند جگوار با بهترین قیمت و ارسال سریع. مناسب برای هوندا CDI چراغ پهن، مخصوص موتورسیکلت هوندا. تنها در خانه م,قاب کیلومتر استیل مدل چراغ پهن (CDI)، جگوار، کیلومتر، قطعات یدکی هوندا، قطعات موتورسیکلت، خانه موتور، هوندا CG125، هوندا CDI
tail-light-led-asli,چراغ خطر عقب LED اصلی,چراغ خطر عقب LED اصلی یکی از قطعات یدکی پرکاربرد موتورسیکلت‌های هوندا CG125 و CDI است. برند اصلی، این محصول در دسته‌بندی چراغ خطر قرار دارد و برای هوندا CG125 و CDI مناسب است. با کیفیت ساخت مطمئن، جایگزین مناسبی برای قطعه اصلی به شمار می‌رود و در خانه موتور با ضمانت اصالت و ارسال سریع به سراسر ایران عرضه می‌شود.,1500,0,فعال,چراغ خطر,اصلی,چراغ خطر عقب LED اصلی | اصلی | خانه موتور,خرید اینترنتی چراغ خطر عقب LED اصلی برند اصلی با بهترین قیمت و ارسال سریع. مناسب برای هوندا CG125 و CDI، مخصوص موتورسیکلت هوندا. تنها در خانه موتور.,چراغ خطر عقب LED اصلی، اصلی، چراغ خطر، قطعات یدکی هوندا، قطعات موتورسیکلت، خانه موتور، هوندا CG125
throttle-pipe-honda,لوله گاز هوندا,لوله گاز هوندا یکی از قطعات یدکی پرکاربرد موتورسیکلت‌های هوندا CG125 و CDI است. برند هوندا، این محصول در دسته‌بندی متفرقه قرار دارد و برای هوندا CG125 و CDI مناسب است. با کیفیت ساخت مطمئن، جایگزین مناسبی برای قطعه اصلی به شمار می‌رود و در خانه موتور با ضمانت اصالت و ارسال سریع به سراسر ایران عرضه می‌شود.,50,0,فعال,متفرقه,هوندا,لوله گاز هوندا | هوندا | خانه موتور,خرید اینترنتی لوله گاز هوندا برند هوندا با بهترین قیمت و ارسال سریع. مناسب برای هوندا CG125 و CDI، مخصوص موتورسیکلت هوندا. تنها در خانه موتور.,لوله گاز هوندا، هوندا، متفرقه، قطعات یدکی هوندا، قطعات موتورسیکلت، خانه موتور، هوندا CG125
wd40-spray,اسپری WD-40,اسپری WD-40 یکی از قطعات یدکی پرکاربرد موتورسیکلت‌های هوندا CG125 و CDI است. برند WD-40، این محصول در دسته‌بندی اسپری قرار دارد و برای هوندا CG125 و CDI مناسب است. با کیفیت ساخت مطمئن، جایگزین مناسبی برای قطعه اصلی به شمار می‌رود و در خانه موتور با ضمانت اصالت و ارسال سریع به سراسر ایران عرضه می‌شود.,180,0,فعال,اسپری,WD-40,اسپری WD-40 | WD-40 | خانه موتور,خرید اینترنتی اسپری WD-40 برند WD-40 با بهترین قیمت و ارسال سریع. مناسب برای هوندا CG125 و CDI، مخصوص موتورسیکلت هوندا. تنها در خانه موتور.,اسپری WD-40، WD-40، اسپری، قطعات یدکی هوندا، قطعات موتورسیکلت، خانه موتور، هوندا CG125
